<?xml version="1.0" encoding="UTF-8"?>
<mappings xmlns="http://dozer.sourceforge.net"
  xmlns:xsi="http://www.w3.org/2001/XMLSchema-instance"
  xsi:schemaLocation="http://dozer.sourceforge.net

http://dozer.sourceforge.net/schema/beanmapping.xsd">
 	<mapping>
		<class-a>fr.icdc.dei.lm4.paraneo.entite.transverse.Menu</class-a>
		<class-b>fr.icdc.dei.lm4.paraneo.presentation.commun.dto.MenuDto</class-b>
	</mapping>
	<mapping>
		<class-a>fr.icdc.dei.edt.core.description.TableDescription</class-a>
		<class-b>fr.icdc.dei.lm4.paraneo.presentation.referentiel.dto.edittables.TableDescriptionDto</class-b>
		<field>
			<a>columnList</a>
			<b is-accessible="true">columnList</b>
		</field>
		<field>
			<a>columnNameColumnDescriptionMap</a>
			<b is-accessible="true">columnNameColumnDescriptionMap</b>
		</field>
		<field>
			<a>propertyNameColumnDescriptionMap</a>
			<b is-accessible="true">propertyNameColumnDescriptionMap</b>
		</field>
	</mapping>

</mappings>