<Context docBase="paraneo-web-springmvc" path="/paraneo-web-springmvc" reloadable="true">

	<!-- Environnement de l'application -->
	<Environment name="app/env" override="false" type="java.lang.String" value="Développement" />
	<Environment name="paraneo/environnement" override="false" type="java.lang.String" value="LOC" />

	<!-- Variable d'environnement pour le connecteur de securite Spring security Gide -->
	<Environment name="ldap/gide/idappli" override="false" type="java.lang.String" value="3093" />
	<Environment name="ldap/gide/codeappli" override="false" type="java.lang.String" value="LM4" />
	<Environment name="ldap/gide/url" override="false" type="java.lang.String" value="http://sps-support-confiancenum-int.serv.cdc.fr:10100/Confiance/Numerique/Prive/GIDE/AUTHENT/Facade/V1.2.1" />
	<Environment name="ldap/gide/clientid" override="false" type="java.lang.String" value="urn:cdc:banque:paraneo:lm4:3093:iihm:1.0" />
	<Environment name="ldap/gide/serviceid" override="false" type="java.lang.String" value="urn:cdc:support:gide:authent:ws:1.2.1" />

    <Environment name="mail/smtphost" override="false" type="java.lang.String" value="emailsmtp.ap.cdc.fr" />
    <Environment name="mail/destinataires" override="false" type="java.lang.String" value="LD-PARANEO@caissedesdepots.fr;michele.lacoste@caissedesdepots.fr;eric.tettart@caissedesdepots.fr" />


	<!-- La datasource de prod à spécialiser !! -->
	<Resource name="jdbc/paraneoDB" auth="Container" type="javax.sql.DataSource"
				driverClassName="com.mysql.jdbc.Driver"
				url="jdbc:mysql://localhost:3306/paraneo"
				username="root"
				password=""
				validationQuery="select 1"
				testOnBorrow ="true"
				maxActive="5"
				maxIdle="1"
				maxWait="-1" />

	<Resource	name="jms/qcfdido"
				auth="Container"
				type="com.ibm.mq.jms.MQQueueConnectionFactory"
				factory="com.ibm.mq.jms.MQQueueConnectionFactoryFactory"
				HOST="dlmqintd2001"
				PORT="1418"
				CHAN="CH.IMQEAI3.LM4"
				QMGR="IMQEAI3"
				TRAN="1"
				/>

	<Resource	name="jms/queuedido"
				auth="Container"
				type="com.ibm.mq.jms.MQQueue"
				factory="com.ibm.mq.jms.MQQueueFactory"
				QU="QA.IMQEAI3.LM4AI0.01"
				/>

</Context>