<?xml version="1.0" encoding="UTF-8"?>
<beans xmlns="http://www.springframework.org/schema/beans"
	xmlns:jdbc="http://www.springframework.org/schema/jdbc" xmlns:context="http://www.springframework.org/schema/context"
	xmlns:cache="http://www.springframework.org/schema/cache" xmlns:tx="http://www.springframework.org/schema/tx"
	xmlns:xsi="http://www.w3.org/2001/XMLSchema-instance" xmlns:p="http://www.springframework.org/schema/p"
	xmlns:jee="http://www.springframework.org/schema/jee"
	xmlns:mvc="http://www.springframework.org/schema/mvc"
	xmlns:oxm="http://www.springframework.org/schema/oxm"
	xsi:schemaLocation="http://www.springframework.org/schema/beans http://www.springframework.org/schema/beans/spring-beans.xsd
	 http://www.springframework.org/schema/jdbc http://www.springframework.org/schema/jdbc/spring-jdbc.xsd
	 http://www.springframework.org/schema/tx http://www.springframework.org/schema/tx/spring-tx.xsd
	 http://www.springframework.org/schema/context http://www.springframework.org/schema/context/spring-context.xsd
	 http://www.springframework.org/schema/cache http://www.springframework.org/schema/cache/spring-cache.xsd
	 http://www.springframework.org/schema/jee http://www.springframework.org/schema/jee/spring-jee.xsd
	 http://www.springframework.org/schema/mvc http://www.springframework.org/schema/mvc/spring-mvc.xsd
	 http://www.springframework.org/schema/oxm http://www.springframework.org/schema/oxm/spring-oxm.xsd">

	<!-- Activer les annotations -->
	<context:annotation-config />
	<!-- Activer les annotations pour la gestion du cache -->
	<cache:annotation-driven />
	<!-- parse les annotations dans les répertoires suivants -->
	<!-- Eviter les fr.icdc.dei.lm4.paraneo.* afin d'éviter que l'application soit
		très longue à charger -->
	<context:component-scan base-package="fr.icdc.dei.lm4.paraneo.dao.impl" />
	<context:component-scan base-package="fr.icdc.dei.lm4.paraneo.metier.service" />
	<context:component-scan base-package="fr.icdc.dei.lm4.paraneo.metier.service.impl" />
	<context:component-scan base-package="fr.icdc.dei.lm4.paraneo.presentation.commun.helper" />
	<context:component-scan base-package="fr.icdc.dei.edt.*" />
	<context:component-scan base-package="fr.icdc.dei.lm4.paraneo.pivot.definition" />
	<context:component-scan base-package="fr.icdc.dei.lm4.paraneo.utils" />


	<bean id="taskExecutor" class="org.springframework.scheduling.concurrent.ThreadPoolTaskExecutor">
	    <property name="corePoolSize" value="1" />
	    <property name="maxPoolSize" value="1" />
	    <property name="queueCapacity" value="2" />
	</bean>
	
	<!-- Le gestionnaire de transaction -->
	<tx:annotation-driven transaction-manager="transactionManager" />

	<jee:jndi-lookup id="connection-factory" jndi-name="java:comp/env/jms/qcfdido"/>
    <!-- Destination dans ActiveMQ -->
	<jee:jndi-lookup id="myQueue" jndi-name="java:comp/env/jms/queuedido"/>
	<bean id="environnementJNDI" class="org.springframework.jndi.JndiObjectFactoryBean">
		<property name="jndiName" value="java:comp/env/paraneo/environnement" />
	</bean>
	<bean id="notificationDido" class="fr.icdc.dei.lm4.paraneo.metier.service.impl.NotificationDidoBusinessServiceImpl">
		<property name="environnement" ref="environnementJNDI" />
	</bean>
    <!-- Instance de JmsTemplate qui utilise ConnectionFactory et la Destination -->
    <bean id="producerTemplate" class="org.springframework.jms.core.JmsTemplate">
           <property name="connectionFactory" ref="connection-factory" />
           <property name="defaultDestination" ref="myQueue" />
           <property name="messageConverter" ref="oxmMessageConverter"/>
    </bean>

    <bean id="oxmMessageConverter" class="org.springframework.jms.support.converter.MarshallingMessageConverter">
    	<property name="marshaller" ref="marshaller" />
	    <property name="unmarshaller" ref="marshaller" />
	</bean>
	<bean id="marshaller" class="org.springframework.oxm.jaxb.Jaxb2Marshaller">
		<property name="classesToBeBound" value="fr.icdc.dei.lm4.paraneo.entite.transverse.NotificationDido" />
	</bean>



    <bean id="jmsProducer" class="fr.icdc.dei.lm4.paraneo.metier.service.impl.NotificationDidoBusinessServiceImpl">
           <property name="jmsTemplate" ref="producerTemplate" />
    </bean>

	<bean id="transactionManager"
		class="org.springframework.orm.hibernate4.HibernateTransactionManager">
		<property name="sessionFactory" ref="sessionFactory" />
	</bean>

	<!--
		Déclaration du bean Dozer pour le mapping objet / objet (DTO et formulaire)
	 -->
	<bean id="mapper" class="org.dozer.DozerBeanMapper">
		<property name="mappingFiles">
			<list>
				<value>dozer/form-bean-mappings.xml</value>
				<value>dozer/dto-bean-mappings.xml</value>
			</list>
		</property>
	</bean>

	<!-- Configuration du cache basé sur ehcache -->
	<bean id="cacheManager"
	    class="org.springframework.cache.ehcache.EhCacheCacheManager"
	    p:cacheManager-ref="ehcache"/>

	<bean id="ehcache" class="org.springframework.cache.ehcache.EhCacheManagerFactoryBean"
	    p:configLocation="classpath:/ehcache/ehcache.xml" p:shared="true"/>


	<!-- Hibernate -->
	<!-- Configuration Hibernate -->
	<bean id="sessionFactory"
		class="org.springframework.orm.hibernate4.LocalSessionFactoryBean">
		<property name="dataSource" ref="paraneoDatasource" />
		<property name="packagesToScan">
			<list>
				<value>fr.icdc.dei.lm4.paraneo.entite</value>
			</list>
		</property>
		<property name="hibernateProperties" ref="hibernateProperties" />
	</bean>
	<bean id="validator"  class="org.springframework.validation.beanvalidation.LocalValidatorFactoryBean"/>

	<bean id="hibernateProperties"
		class="org.springframework.beans.factory.config.PropertiesFactoryBean">
		<property name="properties">
			<props>
				<prop key="hibernate.generate_statistics">false</prop>
				<prop key="hibernate.dialect">org.hibernate.dialect.H2Dialect</prop>
				<prop key="hibernate.show_sql">false</prop>
				<prop key="hibernate.format_sql">false</prop>
				<prop key="use_sql_comments">true</prop>
				<prop key="hibernate.bytecode.use_reflection_optimizer">true</prop>
				<prop key="javax.persistence.validation.factory">#{validator}</prop>
				<prop key="javax.persistence.validation.mode">none</prop>

			</props>
		</property>
	</bean>
	<bean id="hibernateConfig"
		class="org.springframework.beans.factory.config.MethodInvokingFactoryBean">
		<property name="targetObject">
			<ref bean="&amp;sessionFactory" />
		</property>
		<property name="targetMethod">
			<value>getConfiguration</value>
		</property>
	</bean>

	<bean id="messageSource"
		class="org.springframework.context.support.ReloadableResourceBundleMessageSource">
		<property name="basename">
			<value>classpath:messages</value>
		</property>
		<property name="defaultEncoding" value="UTF-8" />
	</bean>
	
	
    <jee:jndi-lookup id="smtphost" jndi-name="java:comp/env/mail/smtphost" />
	<jee:jndi-lookup id="destinataires" jndi-name="java:comp/env/mail/destinataires" />
	
	<!-- Configuration de l'envoi de mail -->
	<bean id="mailSender" class="org.springframework.mail.javamail.JavaMailSenderImpl">
	                    <property name="host" ref="smtphost" />
	                    <property name="javaMailProperties">
	                           <props>
			                	    <prop key="mail.smtp.from">LD-PARANEO-MOE@caissedesdepots.fr</prop>
		                            <prop key="mail.smtp.auth">false</prop>
	                           		<prop key="mail.debug">true</prop>
	                           </props>
	                    </property>
	</bean>

	<!-- Datasource -->
	<beans profile="devintegration">
		<jdbc:embedded-database id="paraneoDatasource"
			type="H2">
			<jdbc:script location="classpath:/database/h2/create_table.sql" />
			<jdbc:script location="classpath:/database/h2/insert_data.sql" />
		</jdbc:embedded-database>

		<!--

			provides a H2 console to look into the db if necessary

			Desactiver par défaut car le rechargement à chaud ne fonctionne plus

		-->
<!--

		<bean id="org.h2.tools.Server-WebServer" class="org.h2.tools.Server"
			factory-method="createWebServer" depends-on="paraneoDatasource"
			init-method="start" lazy-init="false">
			<constructor-arg value="-web,-webPort,9992" />
		</bean>
 -->
	</beans>
	<beans profile="dev,local">
		<bean id="paraneoDatasource" class="org.springframework.jndi.JndiObjectFactoryBean">
			<property name="jndiName" value="java:comp/env/jdbc/paraneoDB" />
		</bean>
	</beans>

	<!-- Datasource -->
	<beans profile="prod">
		<bean id="paraneoDatasource" class="org.springframework.jndi.JndiObjectFactoryBean">
			<property name="jndiName" value="java:comp/env/jdbc/paraneoDB" />
		</bean>
	</beans>
	<!-- Datasource -->
	<beans profile="acceptation">
    <bean id="paraneoDatasource"
        class="org.springframework.jdbc.datasource.DriverManagerDataSource">
        <property name="driverClassName" value="com.mysql.jdbc.Driver"/>
        <property name="url" value="jdbc:mysql://localhost:3306/paraneo"/>
        <property name="username" value="root"/>
        <property name="password" value="" />
        </bean>
	</beans>


</beans>
