<?xml version="1.0" encoding="UTF-8"?>

<beans xmlns="http://www.springframework.org/schema/beans"
	xmlns:xsi="http://www.w3.org/2001/XMLSchema-instance"
	xmlns:context="http://www.springframework.org/schema/context"
	xmlns:mvc="http://www.springframework.org/schema/mvc"
	xsi:schemaLocation="http://www.springframework.org/schema/mvc http://www.springframework.org/schema/mvc/spring-mvc.xsd
		http://www.springframework.org/schema/beans http://www.springframework.org/schema/beans/spring-beans.xsd
		http://www.springframework.org/schema/context http://www.springframework.org/schema/context/spring-context.xsd">


	<bean id="compositeExceptionResolver" class="org.springframework.web.servlet.handler.HandlerExceptionResolverComposite">
		<property name="exceptionResolvers">
			<list>
				<bean class="org.springframework.web.servlet.mvc.method.annotation.ExceptionHandlerExceptionResolver"/>
  				<bean class="org.springframework.web.servlet.mvc.support.DefaultHandlerExceptionResolver"/>
  				<bean class="org.springframework.web.servlet.handler.SimpleMappingExceptionResolver">
					<property name="exceptionMappings">
						<props>
							<prop key="java.lang.Throwable">runtime.exception.scene</prop>

						</props>
					</property>
  				</bean>
  			</list>
		</property>
		<!-- <property name="order" value="0"/> -->
	</bean>


</beans>
