<?xml version="1.0" encoding="UTF-8"?>
<beans:beans xmlns="http://www.springframework.org/schema/mvc"
	xmlns:xsi="http://www.w3.org/2001/XMLSchema-instance" xmlns:p="http://www.springframework.org/schema/p"
	xmlns:context="http://www.springframework.org/schema/context"
	xmlns:beans="http://www.springframework.org/schema/beans"
	xmlns:security="http://www.springframework.org/schema/security"
	xsi:schemaLocation="
        http://www.springframework.org/schema/mvc http://www.springframework.org/schema/mvc/spring-mvc.xsd
        http://www.springframework.org/schema/context http://www.springframework.org/schema/context/spring-context.xsd
        http://www.springframework.org/schema/beans http://www.springframework.org/schema/beans/spring-beans.xsd
        http://www.springframework.org/schema/security http://www.springframework.org/schema/security/spring-security.xsd">

	<security:global-method-security pre-post-annotations="enabled" />

	<beans:import resource="exception-handling-config.xml"/>
	<context:property-placeholder location="classpath:exception-messages.properties"/>

	<context:component-scan base-package="fr.icdc.dei.lm4.paraneo.presentation" />
	<context:component-scan base-package="fr.icdc.dei.fwk.web" />
	<context:component-scan base-package="fr.icdc.dei.edt.presentation" />

<!-- 	<beans:bean id="validator"  class="org.springframework.validation.beanvalidation.LocalValidatorFactoryBean"/> -->
<!-- 	<beans:bean class="org.springframework.validation.beanvalidation.MethodValidationPostProcessor"> -->
<!-- 	    <beans:property name="validator" ref="validator"/> -->
<!-- 	</beans:bean> -->
	<beans:bean id="safeJsonObjectMapper" class="fr.icdc.dei.fwk.web.converter.SafeJsonObjectMapper" />
	<beans:bean class="org.springframework.validation.beanvalidation.MethodValidationPostProcessor"/>


	<!-- Validation en entrée (HDIV + JSR 303 ) -->
	<!-- JSR-303 support will be detected on classpath and enabled automatically -->
	<!-- 'hdivEditableValidator' is the predefined bean for Editable Validation -->
	<!-- validator="hdivEditableValidator" -->
	<annotation-driven   conversion-service="conversionService" >
		<message-converters register-defaults="true">
			<!-- Encodage en sortie des flux JSON -->
            <beans:bean class="fr.icdc.dei.fwk.web.converter.MappingJackson2HttpMessageConverter">
	            <beans:property name="objectMapper" ref="safeJsonObjectMapper" />
	            <beans:property name="prefixJson" value="false"/>
	            <beans:property name="jsonPrefix" value=")]}',\n"/>
        	</beans:bean>
		</message-converters>
	</annotation-driven>

	<beans:bean id="conversionService"
		class="org.springframework.context.support.ConversionServiceFactoryBean">
		<beans:property name="converters">
			<beans:list>
				<beans:bean class="fr.icdc.dei.lm4.paraneo.presentation.converters.StringTotaTypeUtilisationAdresseLmtay790" />
				<beans:bean class="fr.icdc.dei.lm4.paraneo.presentation.converters.TaTypeUtilisationAdresseLmtay790ToString" />
				<beans:bean class="fr.icdc.dei.lm4.paraneo.presentation.converters.TaNiveauAgregationNomenclatureToString" />
				<beans:bean class="fr.icdc.dei.lm4.paraneo.presentation.converters.StringToTaNiveauAgregationNomenclature" />
				<beans:bean class="fr.icdc.dei.lm4.paraneo.presentation.converters.TaChoixOuiNonToString" />
				<beans:bean class="fr.icdc.dei.lm4.paraneo.presentation.converters.StringToTaChoixOuiNon" />
				<beans:bean class="fr.icdc.dei.lm4.paraneo.presentation.converters.TaChoixOuiNonBlancToString" />
				<beans:bean class="fr.icdc.dei.lm4.paraneo.presentation.converters.StringToTaChoixOuiNonBlanc" />
				<beans:bean class="fr.icdc.dei.lm4.paraneo.presentation.converters.TaClassificationMifLmtay718ToString" />
				<beans:bean class="fr.icdc.dei.lm4.paraneo.presentation.converters.StringToTaClassificationMifLmtay718" />
				<beans:bean class="fr.icdc.dei.lm4.paraneo.presentation.converters.TaFamilleCommercialeLmtay738ToString" />
				<beans:bean class="fr.icdc.dei.lm4.paraneo.presentation.converters.StringToTaFamilleCommercialeLmtay738" />
				<beans:bean class="fr.icdc.dei.lm4.paraneo.presentation.converters.TaNomenclatureDeClienteleLmtay774ToString" />
				<beans:bean class="fr.icdc.dei.lm4.paraneo.presentation.converters.StringToTaNomenclatureDeClienteleLmtay774" />
				<beans:bean class="fr.icdc.dei.lm4.paraneo.presentation.converters.TaModeDeGestionClientsLmtay831ToString" />
				<beans:bean class="fr.icdc.dei.lm4.paraneo.presentation.converters.StringToTaModeDeGestionClientsLmtay831" />
				<beans:bean class="fr.icdc.dei.lm4.paraneo.presentation.converters.TaRgptCategorieClienteleComptLmtay947ToString" />
				<beans:bean class="fr.icdc.dei.lm4.paraneo.presentation.converters.StringToTaRgptCategorieClienteleComptLmtay947" />
				<beans:bean class="fr.icdc.dei.lm4.paraneo.presentation.converters.TaProfilTitulaireLmtay400ToString" />
				<beans:bean class="fr.icdc.dei.lm4.paraneo.presentation.converters.StringToTaProfilTitulaireLmtay400" />
				<beans:bean class="fr.icdc.dei.lm4.paraneo.presentation.converters.TaTypeFiliereLmtay401ToString" />
				<beans:bean class="fr.icdc.dei.lm4.paraneo.presentation.converters.StringToTaTypeFiliereLmtay401" />
				<beans:bean class="fr.icdc.dei.lm4.paraneo.presentation.converters.TaListeOpcvmLmtay402ToString" />
				<beans:bean class="fr.icdc.dei.lm4.paraneo.presentation.converters.StringToTaListeOpcvmLmtay402" />
				<beans:bean class="fr.icdc.dei.lm4.paraneo.presentation.converters.TaFormeJuridiqueDgiLmtay518ToString" />
				<beans:bean class="fr.icdc.dei.lm4.paraneo.presentation.converters.StringToTaFormeJuridiqueDgiLmtay518" />
				<beans:bean class="fr.icdc.dei.lm4.paraneo.presentation.converters.TaCategSicovamDeClientLmtay524ToString" />
				<beans:bean class="fr.icdc.dei.lm4.paraneo.presentation.converters.StringToTaCategSicovamDeClientLmtay524" />
				<beans:bean class="fr.icdc.dei.lm4.paraneo.presentation.converters.TaCategorieDeDeposantLmtay525ToString" />
				<beans:bean class="fr.icdc.dei.lm4.paraneo.presentation.converters.StringToTaCategorieDeDeposantLmtay525" />
				<beans:bean class="fr.icdc.dei.lm4.paraneo.presentation.converters.TaCategorieDeClientLmtay523ToString" />
				<beans:bean class="fr.icdc.dei.lm4.paraneo.presentation.converters.StringToTaCategorieDeClientLmtay523" />
				<beans:bean class="fr.icdc.dei.lm4.paraneo.presentation.converters.TaQualiteNormaliseeLmtay520ToString" />
				<beans:bean class="fr.icdc.dei.lm4.paraneo.presentation.converters.StringToTaQualiteNormaliseeLmtay520" />
				<beans:bean class="fr.icdc.dei.lm4.paraneo.presentation.converters.TaQualitePolitesseLmtay526ToString" />
				<beans:bean class="fr.icdc.dei.lm4.paraneo.presentation.converters.StringToTaQualitePolitesseLmtay526" />
				<beans:bean class="fr.icdc.dei.lm4.paraneo.presentation.converters.TaFamilleDeCatgEcoAnalyseLmtay530ToString" />
				<beans:bean class="fr.icdc.dei.lm4.paraneo.presentation.converters.StringToTaFamilleDeCatgEcoAnalyseLmtay530" />
				<beans:bean class="fr.icdc.dei.lm4.paraneo.presentation.converters.TaCodeAgentEcoSistreToString" />
				<beans:bean class="fr.icdc.dei.lm4.paraneo.presentation.converters.StringToTaCodeAgentEcoSistre" />
				<beans:bean class="fr.icdc.dei.lm4.paraneo.presentation.converters.TaCodeAgentFinancierToString" />
				<beans:bean class="fr.icdc.dei.lm4.paraneo.presentation.converters.StringToTaCodeAgentFinancier" />
				<beans:bean class="fr.icdc.dei.lm4.paraneo.presentation.converters.TaCodeRegroupementCategorieClientFedToString" />
				<beans:bean class="fr.icdc.dei.lm4.paraneo.presentation.converters.StringToTaCodeRegroupementCategorieClientFed" />
				<beans:bean class="fr.icdc.dei.lm4.paraneo.presentation.converters.TaCodeRegroupementCategorieBicToString" />
				<beans:bean class="fr.icdc.dei.lm4.paraneo.presentation.converters.StringToTaCodeRegroupementCategorieBic" />
				<beans:bean class="fr.icdc.dei.lm4.paraneo.presentation.converters.TaCodificationReglementaireLmtay997ToString" />
				<beans:bean class="fr.icdc.dei.lm4.paraneo.presentation.converters.StringToTaCodificationReglementaireLmtay997" />
				<beans:bean class="fr.icdc.dei.lm4.paraneo.presentation.converters.TaFamilleFiscaleLmtay934ToString" />
				<beans:bean class="fr.icdc.dei.lm4.paraneo.presentation.converters.StringToTaFamilleFiscaleLmtay934" />
				<beans:bean class="fr.icdc.dei.lm4.paraneo.presentation.converters.TaCodeResidentLmtay554ToString" />
				<beans:bean class="fr.icdc.dei.lm4.paraneo.presentation.converters.StringToTaCodeResidentLmtay554" />
				<beans:bean class="fr.icdc.dei.lm4.paraneo.presentation.converters.TaDeviseLmtay502ToString" />
				<beans:bean class="fr.icdc.dei.lm4.paraneo.presentation.converters.StringToTaDeviseLmtay502" />
				<beans:bean class="fr.icdc.dei.lm4.paraneo.presentation.converters.TaPaysLmtay501ToString" />
				<beans:bean class="fr.icdc.dei.lm4.paraneo.presentation.converters.StringToTaPaysLmtay501" />
				<beans:bean class="fr.icdc.dei.lm4.paraneo.presentation.converters.TaRgrpPaysARisqueDeContrepaLmtay928ToString" />
				<beans:bean class="fr.icdc.dei.lm4.paraneo.presentation.converters.StringToTaRgrpPaysARisqueDeContrepaLmtay928" />
				<beans:bean class="fr.icdc.dei.lm4.paraneo.presentation.converters.TaZoneGeographiquePrRatiosReLmtay948ToString" />
				<beans:bean class="fr.icdc.dei.lm4.paraneo.presentation.converters.StringToTaZoneGeographiquePrRatiosReLmtay948" />
				<beans:bean class="fr.icdc.dei.lm4.paraneo.presentation.converters.TaLongueurTypeCodifTiersToString" />
				<beans:bean class="fr.icdc.dei.lm4.paraneo.presentation.converters.StringToTaLongueurTypeCodifTiers" />
				<beans:bean class="fr.icdc.dei.lm4.paraneo.presentation.converters.TaCategorieDeClientLmtay523ToString" />
				<beans:bean class="fr.icdc.dei.lm4.paraneo.presentation.converters.StringToTaCategorieDeClientLmtay523" />
				<beans:bean class="fr.icdc.dei.lm4.paraneo.presentation.converters.TaMetierOperationnelTiersLmtay787ToString" />
				<beans:bean class="fr.icdc.dei.lm4.paraneo.presentation.converters.StringToTaMetierOperationnelTiersLmtay787" />
				<beans:bean class="fr.icdc.dei.lm4.paraneo.presentation.converters.TaRoleDeTiersLmtay778ToString" />
				<beans:bean class="fr.icdc.dei.lm4.paraneo.presentation.converters.StringToTaRoleDeTiersLmtay778" />
				<beans:bean class="fr.icdc.dei.lm4.paraneo.presentation.converters.TaMotifDePaiementCrpPrBdpLmtay979ToString" />
				<beans:bean class="fr.icdc.dei.lm4.paraneo.presentation.converters.StringToTaMotifDePaiementCrpPrBdpLmtay979" />
				<beans:bean class="fr.icdc.dei.lm4.paraneo.presentation.converters.DateToString" />
				<beans:bean class="fr.icdc.dei.lm4.paraneo.presentation.converters.StringToDate" />
				<beans:bean class="fr.icdc.dei.lm4.paraneo.presentation.converters.TaTerritorialiteFicobaLmtay508ToString" />
				<beans:bean class="fr.icdc.dei.lm4.paraneo.presentation.converters.StringToTaTerritorialiteFicobaLmtay508" />
				<beans:bean class="fr.icdc.dei.lm4.paraneo.presentation.converters.TaLieuDeCompensationLmtay891ToString" />
				<beans:bean class="fr.icdc.dei.lm4.paraneo.presentation.converters.StringToTaLieuDeCompensationLmtay891" />
				<beans:bean class="fr.icdc.dei.lm4.paraneo.presentation.converters.TaTopSiegeReseauToString" />
				<beans:bean class="fr.icdc.dei.lm4.paraneo.presentation.converters.StringToTaTopSiegeReseau" />
				<beans:bean class="fr.icdc.dei.lm4.paraneo.presentation.converters.StringToTaArticleMajuscule" />
				<beans:bean class="fr.icdc.dei.lm4.paraneo.presentation.converters.TaArticleMajusculeToString" />
				<beans:bean class="fr.icdc.dei.lm4.paraneo.presentation.converters.StringToTaArticleTypographieRiche" />
				<beans:bean class="fr.icdc.dei.lm4.paraneo.presentation.converters.TaArticleTypographieRicheToString" />
				<beans:bean class="fr.icdc.dei.lm4.paraneo.presentation.converters.StringToTaTypeDeNomEnClair" />
				<beans:bean class="fr.icdc.dei.lm4.paraneo.presentation.converters.TaTypeDeNomEnClairToString" />
				<beans:bean class="fr.icdc.dei.lm4.paraneo.presentation.converters.StringToTaIdentifiantCommune" />
				<beans:bean class="fr.icdc.dei.lm4.paraneo.presentation.converters.TaIdentifiantCommuneToString" />
				<beans:bean class="fr.icdc.dei.lm4.paraneo.presentation.converters.StringToTaTopChefLieu" />
				<beans:bean class="fr.icdc.dei.lm4.paraneo.presentation.converters.TaTopChefLieuToString" />
				<beans:bean class="fr.icdc.dei.lm4.paraneo.presentation.converters.StringToTaTopDecoupageCommuneCantons" />
				<beans:bean class="fr.icdc.dei.lm4.paraneo.presentation.converters.TaTopDecoupageCommuneCantonsToString" />
				<beans:bean class="fr.icdc.dei.lm4.paraneo.presentation.converters.StringToTaRegion2016" />
				<beans:bean class="fr.icdc.dei.lm4.paraneo.presentation.converters.TaRegion2016ToString" />
				<beans:bean class="fr.icdc.dei.lm4.paraneo.presentation.converters.StringToTaRegionAdministrativeLmtay547" />
				<beans:bean class="fr.icdc.dei.lm4.paraneo.presentation.converters.TaRegionAdministrativeLmtay547ToString" />
				<beans:bean class="fr.icdc.dei.lm4.paraneo.presentation.converters.StringToTaChoixCdcepCdcfi" />
				<beans:bean class="fr.icdc.dei.lm4.paraneo.presentation.converters.TaChoixCdcepCdcfiToString" />
				<beans:bean class="fr.icdc.dei.lm4.paraneo.presentation.converters.StringToTaDepartement" />
				<beans:bean class="fr.icdc.dei.lm4.paraneo.presentation.converters.TaDepartementToString" />
			</beans:list>
		</beans:property>
	</beans:bean>


	<resources location="/resources/img/" mapping="/resources/img/**" />
    <resources location="/resources/css/" mapping="/resources/css/**" />
    <resources location="/resources/js/" mapping="/resources/js/**" />
    <resources location="/static/wro/" mapping="/static/wro/**" />

	<beans:bean id="messageSource"
		class="org.springframework.context.support.ReloadableResourceBundleMessageSource">
		<beans:property name="basename">
			<beans:value>classpath:messages</beans:value>
		</beans:property>
		<beans:property name="defaultEncoding" value="UTF-8" />
	</beans:bean>


	<beans:bean id="tilesConfigurer"
		class="org.springframework.web.servlet.view.tiles3.TilesConfigurer"
		p:definitions="/WEB-INF/pages/layout/templates.xml" />

	<beans:bean id="tilesViewResolver"
		class="org.springframework.web.servlet.view.UrlBasedViewResolver"
		p:viewClass="org.springframework.web.servlet.view.tiles3.TilesView">
		<beans:property name="order" value="1"></beans:property>
	</beans:bean>

	<beans:bean id="jspViewResolver"
		class="org.springframework.web.servlet.view.InternalResourceViewResolver">
		<beans:property name="prefix" value="/WEB-INF/pages/scenes/" />
		<beans:property name="suffix" value=".jsp" />
		<beans:property name="order" value="2" />
	</beans:bean>

	<beans:bean id="htmlViewResolver"
		class="org.springframework.web.servlet.view.InternalResourceViewResolver">
		<beans:property name="prefix" value="/WEB-INF/pages/scenes/dref/ouvrage/" />
		<beans:property name="suffix" value=".html" />
		<beans:property name="order" value="3" />
	</beans:bean>


	<beans:bean id="localeResolver"
		class="org.springframework.web.servlet.i18n.CookieLocaleResolver" />

	<interceptors>
		<beans:bean id="localeChangeInterceptor"
			class="org.springframework.web.servlet.i18n.LocaleChangeInterceptor">
			<beans:property name="paramName" value="lang" />
		</beans:bean>
	</interceptors>

</beans:beans>
