<beans:beans xmlns="http://www.springframework.org/schema/security"
	xmlns:beans="http://www.springframework.org/schema/beans" xmlns:b="http://www.springframework.org/schema/beans"
	xmlns:util="http://www.springframework.org/schema/util" xmlns:jee="http://www.springframework.org/schema/jee"
	xmlns:xsi="http://www.w3.org/2001/XMLSchema-instance"
	xsi:schemaLocation="http://www.springframework.org/schema/beans
	http://www.springframework.org/schema/beans/spring-beans.xsd
	http://www.springframework.org/schema/util http://www.springframework.org/schema/util/spring-util.xsd
	http://www.springframework.org/schema/jee http://www.springframework.org/schema/jee/spring-jee.xsd
	http://www.springframework.org/schema/security http://www.springframework.org/schema/security/spring-security.xsd">

	<http pattern="/web/login" security="none" />
	<http pattern="/web/healthCheck" security="none" />
	<http pattern="/ParaneoService/ParaneoPivot/**" security="none"/>
	<http auto-config="true" use-expressions="true" disable-url-rewriting="true" create-session="ifRequired">
        <intercept-url pattern="/web/login" access="permitAll" />
        <intercept-url pattern="/web/accueil" access="hasRole('TOUS')" />
        <intercept-url pattern="/web/healthCheck" access="permitAll" />
        <intercept-url pattern="/web/errors/**" access="permitAll" />
        <intercept-url pattern="/j_spring_security_check" access="permitAll" />
        <intercept-url pattern="/web/j_spring_security_check" access="permitAll" />
		<custom-filter before="SECURITY_CONTEXT_FILTER" ref="hdivFilter" />
		<intercept-url pattern="/resources/**" access="permitAll" />
		<!-- Edit Table -->
		<!-- Il faut aller du plus specifique au plus general car la premiere correspondance trouvee est appliquee -->
		<intercept-url pattern="/web/edittables/tableList**" access="hasRole('TOUS')" />
		<intercept-url pattern="/web/edittables/detailsTable**" access="hasRole('TOUS')" />
		<intercept-url pattern="/web/edittables/editerEnregistrement**" access="hasRole('ADMIN') or hasRole('DEOF')" />
		<intercept-url pattern="/web/edittables/creerEnregistrement**" access="hasRole('ADMIN') or hasRole('DEOF')" />
		<intercept-url pattern="/web/edittables/**" access="hasRole('TOUS') or hasRole('ADMIN') or hasRole('DEOF')" />
		<intercept-url pattern="/web/datatables/**" access="hasRole('TOUS')"/>
		
		<!--  Hexaposte -->
		<intercept-url pattern="/web/hexaposte" access="hasRole('ADMIN')"/>
		<intercept-url pattern="/web/hexaposteformulaire" access="hasRole('ADMIN')"/>
		
		<!-- Ne pas oublier de fermer les autres URLs-->
		<intercept-url pattern="/**" access="denyAll" />
		<form-login
			login-page="/web/login"
			default-target-url="/web/accueil"
			always-use-default-target="true"
			authentication-failure-url="/web/login?login_error=1"/>
			<!--  authentication-failure-handler-ref="authenticationFailureHandler"-->
		<!--  <remember-me user-service-ref="userDetailsService"/>-->
		<access-denied-handler error-page="/web/errors/403"/>
		<logout logout-success-url="/web/login" />
	</http>

	<!-- Déclaration de validator filter de hdiv en cas d'utilisation de Hdiv+spring security. -->
	<b:bean id="hdivFilter" class="org.hdiv.filter.ValidatorFilter" />
	<b:bean id="multipartResolver" class="org.hdiv.web.multipart.HdivCommonsMultipartResolver">
	    <b:property name="maxUploadSize" value="20000000" /> <!-- 20 Mo -->
	</b:bean>
	<!--
		Début de bloc à commenter/décommenter en cas d'utilisation de modules Brute Force Attack.
		Si vous utilisez ces modules, penser à modifier les paramètres suivants pour l'adapter à votre cas :
			- allowedNumberOfAttempts : Nombre de tentatives d'authentification possible avant que le compte ne soit verrouillé
			- invalidateTimeDuration : Nombre de minutes pendant lesquelles le compte reste verrouillé en cas de détection d'attack bfa
			- defaultFailureUrl : Redirection en cas de simple échecs d'authentification
			- bfaFailureUrl : Redirection en cas d'échecs d'authentification après une tentatives multiples (brute force attaque détecté)

	<b:bean id="authenticationListener"
		class="fr.icdc.dei.fwk.security.bfa.BruteForceAttackAuthenticationEventListener">
	</b:bean>

	<b:bean id="bruteForceAttackService"
		class="fr.icdc.dei.fwk.security.bfa.impl.DefaultBruteForceAttackService">
		<b:property name="allowedNumberOfAttempts" value="25" />
		<b:property name="invalidateTimeDuration" value="1" />
	</b:bean>

	<b:bean id="bfaCacheManager"
		class="fr.icdc.dei.fwk.security.bfa.impl.DefaultBFACacheManager">
	</b:bean>

	<b:bean id="authenticationFailureHandler"
		class="fr.icdc.dei.fwk.security.bfa.DefaultBruteForceAttackAuthenticationFailureHandler">
		<b:property name="defaultFailureUrl" value="/web/login?login_error=1"/>
		<b:property name="bfaFailureUrl" value="/web/errors/bfa"/>
	</b:bean>
-->
	<b:bean name="redirectStrategy" class="org.springframework.security.web.DefaultRedirectStrategy">
		<b:property name="contextRelative" value="true"/>
	</b:bean>
	<!-- Fin de bloc à commenter/décommenter en cas d'utilisation de modules Brute Force Attack -->

	<jee:jndi-lookup id="idAppli" jndi-name="java:comp/env/ldap/gide/idappli" />
	<jee:jndi-lookup id="codeAppli" jndi-name="java:comp/env/ldap/gide/codeappli" />
	<jee:jndi-lookup id="gideURL" jndi-name="java:comp/env/ldap/gide/url" />
    <jee:jndi-lookup id="clientID" jndi-name="java:comp/env/ldap/gide/clientid" />
    <jee:jndi-lookup id="serviceID" jndi-name="java:comp/env/ldap/gide/serviceid" />


	<!-- Provider de securite GIDE -->
	<b:bean id="wsGideAuthenticationProvider"
		class="fr.icdc.dei.fwk.security.provider.WSGideUserDetailsAuthenticationProvider">
		<b:property name="idApplication" ref="idAppli" />
		<b:property name="codeApplication" ref="codeAppli" />
		<b:property name="gideUrl" ref="gideURL" />
		<b:property name="clientId" ref="clientID" />
        <b:property name="serviceId" ref="serviceID" />
	</b:bean>

	<!-- Activation du manager d'authentification -->
	<authentication-manager>
		<authentication-provider ref="wsGideAuthenticationProvider" />

		  <!--  <authentication-provider>
			<user-service id="userDetailsService">
				<user name="user" password="password" authorities="Habilite" />
				<user name="admin" password="password" authorities="Habilite, Administrateur" />
				<user name="acceptation" password="password" authorities="Habilite,Administrateur"/>
			</user-service>
		</authentication-provider>-->

	</authentication-manager>

</beans:beans>